{
    "haul_road": [
        [
            22.57880229756819,
            88.36969394973784
        ],
        [
            22.580833114238516,
            88.37058444313118
        ],
        [
            22.58244421708912,
            88.37122423126971
        ],
        [
            22.582043839780155,
            88.3728141842684
        ],
        [
            22.581754677666694,
            88.37428368627724
        ],
        [
            22.582733377753357,
            88.37440413726239
        ],
        [
            22.585224331768913,
            88.37474126398348
        ],
        [
            22.58998342262089,
            88.37499393424264
        ],
        [
            22.59427579487317,
            88.37529713855469
        ],
        [
            22.594648674166734,
            88.37106504472382
        ],
        [
            22.594872787152596,
            88.36955987184024
        ],
        [
            22.595181081445148,
            88.36814666484435
        ],
        [
            22.595911648349954,
            88.36517959745004
        ],
        [
            22.59195481443612,
            88.3640587058087
        ],
        [
            22.588789175020608,
            88.36333339971799
        ],
        [
            22.58623226236911,
            88.36254216041613
        ],
        [
            22.58586701647988,
            88.36583894828505
        ],
        [
            22.58580615156015,
            88.36768516823315
        ],
        [
            22.582518647732996,
            88.3663004847337
        ],
        [
            22.58124014307117,
            88.36564124443777
        ],
        [
            22.580509595907927,
            88.36814666444559
        ],
        [
            22.57819606891107,
            88.36755331070492
        ],
        [
            22.577769829475486,
            88.36939963868906
        ],
        [
            22.578926645333794,
            88.36959735525585
        ]
    ],
    "DUMMY_ROAD": [
        [
            22.5817156216595,
            88.3743598805554
        ],
        [
            22.5853464880413,
            88.374809931844
        ],
        [
            22.5859452997338,
            88.374827316614
        ],
        [
            22.587206963279,
            88.373337429322
        ],
        [
            22.5878080109994,
            88.3724147075339
        ],
        [
            22.588586220455,
            88.3700629045389
        ],
        [
            22.5891096450364,
            88.3688452611576
        ],
        [
            22.5892930484149,
            88.3674271329354
        ],
        [
            22.5898194306319,
            88.3656544596039
        ],
        [
            22.5902508050807,
            88.363727729358
        ],
        [
            22.5862125997742,
            88.3627232658504
        ],
        [
            22.582594493253,
            88.3618099038731
        ],
        [
            22.5799657603479,
            88.3610978132987
        ],
        [
            22.579218195161,
            88.3641511795129
        ],
        [
            22.5795702280854,
            88.3643276751717
        ],
        [
            22.5793232123879,
            88.365100709963
        ],
        [
            22.5790337444438,
            88.3650191110271
        ],
        [
            22.5785442343423,
            88.3668003267222
        ],
        [
            22.5778514390842,
            88.3692730211929
        ],
        [
            22.5766012662177,
            88.3736487660747
        ],
        [
            22.5817156216595,
            88.3743598805554
        ]
    ]
}